1,0.0292173027018,0.0267096474351,W
1,0.0292173027018,0.0461914115536,W
0,0.0292173027018,0.0461914115536,L
1,0.0292173027018,0.0426631682656,L
1,0.0292173027018,0.0410410660859,L
0,0.0292173027018,0.0616325383043,L
1,0.0292173027018,0.0539665005627,W
0,0.0292173027018,0.0539665005627,L
1,0.0292173027018,0.0343615815354,W
1,0.0292173027018,0.0225375661151,W
1,0.0292173027018,0.0496898789264,L
1,0.0292173027018,0.0266050755607,W
0,0.0292173027018,0.0456266005184,L
0,0.0292173027018,0.0266279890612,L
0,0.0292173027018,0.0144853963181,W
1,0.0292173027018,0.0211750585484,W
1,0.0292173027018,0.0266279890612,W
1,0.0292173027018,0.0502825433749,L
0,0.0292173027018,0.0211750585484,L
0,0.0292173027018,0.0254457557468,W
0,0.0292173027018,0.0496898789264,L
0,0.0292173027018,0.0464233405851,L
0,0.0292173027018,0.0436041984714,L
0,0.0292173027018,0.0225375661151,L
1,0.0292173027018,0.0616325383043,L
1,0.0292173027018,0.0267096474351,W
1,0.0292173027018,0.0573466731063,L
0,0.0292173027018,0.0502825433749,L
1,0.0292173027018,0.0162720383985,L
0,0.0292173027018,0.0410410660859,L
0,0.0292173027018,0.0266050755607,L
0,0.0292173027018,0.0220675485837,L
0,0.0292173027018,0.0308736280338,L
0,0.0292173027018,0.036121604036,W
0,0.0292173027018,0.025058340552,L
0,0.0292173027018,0.049056543233,L
1,0.0292173027018,0.0456266005184,W
1,0.0292173027018,0.025058340552,L
0,0.0292173027018,0.0266279890612,W
0,0.0292173027018,0.0456266005184,L
0,0.0292173027018,0.0548170043859,L
1,0.0292173027018,0.0464233405851,W
1,0.0292173027018,0.0308736280338,L
0,0.0292173027018,0.0461914115536,L
1,0.0292173027018,0.0573466731063,L
0,0.0292173027018,0.0573466731063,L
0,0.0292173027018,0.0343615815354,L
0,0.0292173027018,0.0267096474351,L
1,0.0292173027018,0.0211750585484,W
1,0.0292173027018,0.0436041984714,L
1,0.0292173027018,0.0539665005627,L
1,0.0292173027018,0.0548170043859,W
1,0.0292173027018,0.0144853963181,W
0,0.0292173027018,0.0343615815354,L
1,0.0292173027018,0.0456266005184,W
0,0.0292173027018,0.0211750585484,W
0,0.0292173027018,0.0426631682656,L
0,0.0292173027018,0.0162720383985,L
0,0.0292173027018,0.0266050755607,L
1,0.0292173027018,0.049056543233,L
1,0.0292173027018,0.0254457557468,L
0,0.0292173027018,0.0144853963181,W
1,0.0292173027018,0.0548170043859,W
1,0.0292173027018,0.036121604036,L
0,0.0292173027018,0.0616325383043,W
0,0.0292173027018,0.0573466731063,L
1,0.0292173027018,0.0616325383043,L
1,0.0292173027018,0.0220675485837,W
0,0.0292173027018,0.0461914115536,W
1,0.0292173027018,0.0539665005627,W
1,0.0292173027018,0.0502825433749,W
1,0.0292173027018,0.0266279890612,W
0,0.0292173027018,0.0502825433749,L
1,0.0292173027018,0.0343615815354,W
1,0.0292173027018,0.0267096474351,W
1,0.0292173027018,0.0266050755607,L
0,0.0292173027018,0.0343615815354,L
1,0.0292173027018,0.0144853963181,W
0,0.0292173027018,0.0548170043859,L
0,0.0292173027018,0.0539665005627,L
1,0.0292173027018,0.0461914115536,L
0,0.0292173027018,0.0267096474351,L
0,0.0410244151349,0.0213718491506,L
1,0.0410244151349,0.0530809746722,W
0,0.0410244151349,0.0385671827191,W
1,0.0410244151349,0.0526970681746,W
1,0.0410244151349,0.0212607824503,W
0,0.0410244151349,0.0523536282911,L
1,0.0410244151349,0.0352790112323,W
0,0.0410244151349,0.0443631097524,L
0,0.0410244151349,0.0197597076733,L
1,0.0410244151349,0.0505136351499,L
0,0.0410244151349,0.0507873683781,L
1,0.0410244151349,0.0507873683781,L
0,0.0410244151349,0.0526970681746,L
1,0.0410244151349,0.0419361586238,W
1,0.0410244151349,0.0622534404133,L
1,0.0410244151349,0.0183837696939,L
1,0.0410244151349,0.0272074055339,W
1,0.0410244151349,0.0443631097524,W
0,0.0410244151349,0.0212607824503,W
1,0.0410244151349,0.0141687550301,W
0,0.0410244151349,0.0505136351499,W
1,0.0410244151349,0.0416676784232,W
1,0.0410244151349,0.0523536282911,W
1,0.0410244151349,0.0193093383739,W
0,0.0410244151349,0.0419361586238,L
1,0.0410244151349,0.0505136351499,L
0,0.0410244151349,0.0141687550301,W
1,0.0410244151349,0.0385671827191,L
0,0.0410244151349,0.0523536282911,L
1,0.0410244151349,0.0305004819435,W
1,0.0410244151349,0.05099500576,L
0,0.0410244151349,0.0272074055339,W
0,0.0410244151349,0.0330661203372,L
0,0.0410244151349,0.0348972378414,L
0,0.0410244151349,0.0352790112323,W
0,0.0410244151349,0.0305004819435,L
0,0.0410244151349,0.0183837696939,L
1,0.0410244151349,0.0419361586238,W
0,0.0410244151349,0.0419361586238,L
1,0.0410244151349,0.0330661203372,W
0,0.0410244151349,0.0443631097524,L
0,0.0410244151349,0.0422249089793,L
1,0.0410244151349,0.0409140918992,L
0,0.0410244151349,0.0213718491506,L
1,0.0410244151349,0.0348972378414,W
1,0.0410244151349,0.0197597076733,W
0,0.0410244151349,0.0385671827191,L
1,0.0410244151349,0.0422249089793,W
1,0.0410244151349,0.0526970681746,W
0,0.0410244151349,0.0507873683781,W
1,0.0410244151349,0.0443631097524,W
1,0.0410244151349,0.0385671827191,W
1,0.0410244151349,0.0507873683781,L
0,0.0410244151349,0.0526970681746,L
1,0.0410244151349,0.0523536282911,L
1,0.0410244151349,0.0291263838816,W
0,0.0410244151349,0.0193093383739,W
0,0.0410244151349,0.0291263838816,W
0,0.0410244151349,0.0409140918992,L
0,0.0410244151349,0.05099500576,L
1,0.0410244151349,0.0505136351499,W
0,0.0410244151349,0.0213718491506,W
1,0.0410244151349,0.0419361586238,L
1,0.0410244151349,0.0197597076733,W
1,0.0410244151349,0.0213718491506,W
0,0.0410244151349,0.0422249089793,L
0,0.0410244151349,0.0197597076733,W
0,0.0410244151349,0.0526970681746,W
0,0.0410244151349,0.0212607824503,W
1,0.0410244151349,0.0422249089793,W
1,0.0410244151349,0.0321904904869,W
0,0.0410244151349,0.0416676784232,W
0,0.0410244151349,0.0530809746722,L
0,0.0410244151349,0.0622534404133,L
0,0.0410244151349,0.0321904904869,W
0,0.0410244151349,0.0141687550301,W
1,0.0410244151349,0.0507873683781,W
1,0.0410244151349,0.0212607824503,W
1,0.0410244151349,0.0213718491506,L
1,0.0410244151349,0.0141687550301,W
0,0.0410244151349,0.0505136351499,L
0,0.0410244151349,0.0385671827191,L
1,0.0385173306458,0.0330141331575,L
0,0.0385173306458,0.0538937564758,L
0,0.0385173306458,0.0191092302886,L
1,0.0385173306458,0.0191092302886,W
0,0.0385173306458,0.0330141331575,W
0,0.0385173306458,0.041685368513,L
1,0.0385173306458,0.0381988749771,W
1,0.0385173306458,0.0560667119523,W
1,0.0385173306458,0.0538937564758,W
0,0.0385173306458,0.0516923001772,L
0,0.0385173306458,0.0101312788826,W
1,0.0385173306458,0.032410621025,L
0,0.0385173306458,0.032410621025,W
1,0.0385173306458,0.0381703095146,W
1,0.0385173306458,0.0370257297458,W
0,0.0385173306458,0.0515107140848,W
0,0.0385173306458,0.0374869101934,L
0,0.0385173306458,0.0213028164735,W
1,0.0385173306458,0.0372155769457,W
0,0.0385173306458,0.028422294742,L
1,0.0385173306458,0.028422294742,L
1,0.0385173306458,0.0152107542896,W
0,0.0385173306458,0.0524928302176,L
1,0.0385173306458,0.0101312788826,W
1,0.0385173306458,0.0446717573414,L
1,0.0385173306458,0.0213028164735,L
1,0.0385173306458,0.0422058474311,W
0,0.0385173306458,0.0560667119523,W
0,0.0385173306458,0.0422058474311,L
0,0.0385173306458,0.0372155769457,L
0,0.0385173306458,0.0381988749771,L
0,0.0385173306458,0.0370257297458,L
0,0.0385173306458,0.0257908272582,W
1,0.0385173306458,0.0516923001772,L
1,0.0385173306458,0.0330141331575,W
0,0.0385173306458,0.0524928302176,L
0,0.0385173306458,0.0152107542896,W
1,0.0385173306458,0.0515107140848,L
1,0.0385173306458,0.0524928302176,W
1,0.0385173306458,0.041685368513,W
0,0.0385173306458,0.028422294742,W
0,0.0385173306458,0.041685368513,L
1,0.0385173306458,0.0538937564758,W
1,0.0385173306458,0.052237799256,L
1,0.0385173306458,0.0191092302886,W
0,0.0385173306458,0.0446717573414,L
0,0.0385173306458,0.0538937564758,L
1,0.0385173306458,0.0473110756195,L
0,0.0385173306458,0.0473110756195,W
1,0.0385173306458,0.0446717573414,L
1,0.0385173306458,0.0208165217896,W
1,0.0385173306458,0.0191092302886,W
0,0.0385173306458,0.028422294742,W
0,0.0385173306458,0.0330141331575,L
1,0.0385173306458,0.0516923001772,L
0,0.0385173306458,0.0208165217896,W
0,0.0385173306458,0.032033332085,L
0,0.0385173306458,0.0381703095146,L
0,0.0385173306458,0.0412752969171,L
1,0.0385173306458,0.0374869101934,L
1,0.0385173306458,0.0152107542896,W
0,0.0385173306458,0.0152107542896,W
0,0.0385173306458,0.052237799256,L
1,0.0385173306458,0.032033332085,L
1,0.0385173306458,0.041685368513,W
0,0.0385173306458,0.0191092302886,L
1,0.0385173306458,0.0257908272582,W
0,0.0385173306458,0.0473110756195,L
0,0.0385173306458,0.0524928302176,L
1,0.0385173306458,0.0330141331575,W
1,0.0385173306458,0.0412752969171,W
1,0.0385173306458,0.0101312788826,W
0,0.0385173306458,0.0516923001772,L
0,0.0385173306458,0.0446717573414,L
1,0.0385173306458,0.032410621025,W
1,0.0385173306458,0.0538937564758,W
0,0.0385173306458,0.0473110756195,L
1,0.0385173306458,0.028422294742,W
0,0.0385173306458,0.032410621025,L
0,0.0385173306458,0.0101312788826,W
1,0.0385173306458,0.0524928302176,L
1,0.0385173306458,0.0473110756195,W
1,0.023022845236,0.0401768978613,W
0,0.023022845236,0.0439055784859,L
1,0.023022845236,0.0553775932628,L
1,0.023022845236,0.0182941711671,W
1,0.023022845236,0.0482124268253,W
0,0.023022845236,0.030081581229,L
1,0.023022845236,0.00840444341819,W
0,0.023022845236,0.0590883435387,L
0,0.023022845236,0.0482124268253,L
0,0.023022845236,0.00840444341819,W
1,0.023022845236,0.0590883435387,L
1,0.023022845236,0.0429191034651,W
1,0.023022845236,0.0416571164928,L
1,0.023022845236,0.030081581229,L
0,0.023022845236,0.0514170479292,L
0,0.023022845236,0.0150225803943,W
0,0.023022845236,0.0171721948642,L
0,0.023022845236,0.0217854239746,W
1,0.023022845236,0.0480939466446,W
1,0.023022845236,0.0171721948642,L
0,0.023022845236,0.0553775932628,L
1,0.023022845236,0.0150225803943,L
1,0.023022845236,0.0164607707209,W
0,0.023022845236,0.0454130314656,L
1,0.023022845236,0.020702065298,W
0,0.023022845236,0.0401768978613,L
1,0.023022845236,0.0250834850045,L
1,0.023022845236,0.0612880977246,L
0,0.023022845236,0.030081581229,L
1,0.023022845236,0.0363028507469,L
0,0.023022845236,0.0497743920726,L
0,0.023022845236,0.020702065298,L
0,0.023022845236,0.0250834850045,W
0,0.023022845236,0.0164607707209,L
0,0.023022845236,0.0363028507469,W
0,0.023022845236,0.0480939466446,L
1,0.023022845236,0.0397791071621,L
0,0.023022845236,0.0612880977246,W
1,0.023022845236,0.0497743920726,L
1,0.023022845236,0.0171721948642,W
1,0.023022845236,0.0454130314656,L
0,0.023022845236,0.0553775932628,L
1,0.023022845236,0.0217854239746,W
1,0.023022845236,0.0514170479292,L
0,0.023022845236,0.0217854239746,L
0,0.023022845236,0.030081581229,W
1,0.023022845236,0.0526659874058,L
1,0.023022845236,0.0501710507281,L
0,0.023022845236,0.0526659874058,L
0,0.023022845236,0.0401768978613,L
1,0.023022845236,0.0401768978613,L
1,0.023022845236,0.0217854239746,W
1,0.023022845236,0.0612880977246,L
0,0.023022845236,0.0454130314656,L
1,0.023022845236,0.0376278668823,W
0,0.023022845236,0.0482124268253,L
0,0.023022845236,0.0590883435387,L
0,0.023022845236,0.00840444341819,W
1,0.023022845236,0.00840444341819,W
1,0.023022845236,0.0454130314656,W
1,0.023022845236,0.0526659874058,W
1,0.023022845236,0.0439055784859,L
1,0.023022845236,0.0401768978613,W
0,0.023022845236,0.0429191034651,L
0,0.023022845236,0.0182941711671,L
0,0.023022845236,0.0501710507281,W
0,0.023022845236,0.0376278668823,L
0,0.023022845236,0.0416571164928,L
0,0.023022845236,0.0397791071621,L
1,0.023022845236,0.0553775932628,L
1,0.023022845236,0.0590883435387,L
0,0.023022845236,0.0439055784859,W
0,0.023022845236,0.0171721948642,L
0,0.023022845236,0.0526659874058,L
0,0.023022845236,0.0217854239746,L
1,0.023022845236,0.0612880977246,L
0,0.023022845236,0.0612880977246,L
1,0.023022845236,0.030081581229,W
1,0.023022845236,0.0454130314656,L
1,0.023022845236,0.0439055784859,L
0,0.023022845236,0.0553775932628,L
1,0.023022845236,0.0482124268253,L
1,0.0171738771448,0.0383087493645,L
0,0.0171738771448,0.0383087493645,L
1,0.0171738771448,0.0334462011369,L
1,0.0171738771448,0.0604920824825,L
0,0.0171738771448,0.0529323931531,L
1,0.0171738771448,0.0502148696304,L
0,0.0171738771448,0.0447493169507,L
0,0.0171738771448,0.0169881596079,L
0,0.0171738771448,0.0245562297816,L
1,0.0171738771448,0.0406776421153,L
0,0.0171738771448,0.0604920824825,L
1,0.0171738771448,0.0245562297816,L
0,0.0171738771448,0.0321008621326,L
1,0.0171738771448,0.0481166737596,L
1,0.0171738771448,0.0176853552862,L
1,0.0171738771448,0.0447493169507,L
1,0.0171738771448,0.026937164357,W
0,0.0171738771448,0.0502148696304,W
1,0.0171738771448,0.0529323931531,L
0,0.0171738771448,0.0383087493645,L
1,0.0171738771448,0.0321008621326,W
1,0.0171738771448,0.0349260927694,L
0,0.0171738771448,0.0529323931531,L
1,0.0171738771448,0.0515178289179,L
1,0.0171738771448,0.016948510533,L
0,0.0171738771448,0.0176853552862,L
0,0.0171738771448,0.0406776421153,W
0,0.0171738771448,0.0245389835824,L
0,0.0171738771448,0.0515178289179,L
1,0.0171738771448,0.0169881596079,W
1,0.0171738771448,0.0597265828103,L
0,0.0171738771448,0.0597265828103,L
0,0.0171738771448,0.0349260927694,L
0,0.0171738771448,0.0529323931531,L
1,0.0171738771448,0.0604920824825,L
0,0.0171738771448,0.0502148696304,L
1,0.0171738771448,0.0379366355583,W
1,0.0171738771448,0.0383087493645,L
1,0.0171738771448,0.0343989361195,L
0,0.0171738771448,0.0379366355583,L
0,0.0171738771448,0.0295717461154,W
0,0.0171738771448,0.0453781095596,L
0,0.0171738771448,0.016948510533,L
0,0.0171738771448,0.0219845299498,L
0,0.0171738771448,0.0321008621326,L
1,0.0171738771448,0.0502148696304,L
1,0.0171738771448,0.0598562618292,L
1,0.0171738771448,0.0435944741529,W
0,0.0171738771448,0.0435944741529,L
1,0.0171738771448,0.0295717461154,W
0,0.0171738771448,0.0343989361195,L
0,0.0171738771448,0.0352317311996,L
0,0.0171738771448,0.0598562618292,L
0,0.0171738771448,0.0604920824825,L
1,0.0171738771448,0.0502148696304,W
0,0.0171738771448,0.0383087493645,L
1,0.0171738771448,0.0604920824825,W
1,0.0171738771448,0.0529323931531,L
1,0.0171738771448,0.0352317311996,L
1,0.0171738771448,0.0176853552862,W
0,0.0171738771448,0.0321008621326,L
1,0.0171738771448,0.0321008621326,W
1,0.0171738771448,0.0343989361195,L
1,0.0171738771448,0.0219845299498,W
1,0.0171738771448,0.0245389835824,L
0,0.0171738771448,0.0176853552862,L
0,0.0171738771448,0.0334462011369,L
0,0.0171738771448,0.0481166737596,L
0,0.0171738771448,0.026937164357,L
1,0.0171738771448,0.0453781095596,L
0,0.0171738771448,0.0352317311996,L
1,0.0171738771448,0.0435944741529,L
1,0.0171738771448,0.0598562618292,W
1,0.0171738771448,0.0597265828103,L
0,0.0171738771448,0.0343989361195,W
1,0.0171738771448,0.0343989361195,L
1,0.0171738771448,0.0352317311996,L
0,0.0171738771448,0.0598562618292,L
0,0.0171738771448,0.0435944741529,L
0,0.0171738771448,0.0349260927694,L
0,0.0171738771448,0.0597265828103,L
1,0.0171738771448,0.0349260927694,W
1,0.0200776196793,0.0341404403179,W
0,0.0200776196793,0.0320724757223,L
0,0.0200776196793,0.0573133785707,L
1,0.0200776196793,0.0346774202548,L
0,0.0200776196793,0.012025568155,W
1,0.0200776196793,0.0350246613177,W
0,0.0200776196793,0.0243846306721,W
1,0.0200776196793,0.012025568155,W
1,0.0200776196793,0.0253740518819,W
0,0.0200776196793,0.0433143969744,L
0,0.0200776196793,0.0365263868188,L
1,0.0200776196793,0.0219085039503,W
1,0.0200776196793,0.0510968894718,L
0,0.0200776196793,0.0357520992325,L
0,0.0200776196793,0.0510968894718,L
1,0.0200776196793,0.0657186133141,L
1,0.0200776196793,0.0539281505534,L
0,0.0200776196793,0.0211953922203,L
0,0.0200776196793,0.0205683455785,L
0,0.0200776196793,0.0554139023975,L
0,0.0200776196793,0.03396621339,L
1,0.0200776196793,0.0361063627728,W
1,0.0200776196793,0.0363123864043,L
1,0.0200776196793,0.0303786164835,L
1,0.0200776196793,0.0320724757223,W
0,0.0200776196793,0.0350246613177,W
0,0.0200776196793,0.0346774202548,L
0,0.0200776196793,0.0363123864043,W
0,0.0200776196793,0.0539281505534,L
0,0.0200776196793,0.0361063627728,L
1,0.0200776196793,0.0554139023975,L
1,0.0200776196793,0.0341404403179,W
0,0.0200776196793,0.012025568155,W
0,0.0200776196793,0.0341404403179,W
1,0.0200776196793,0.0205683455785,W
1,0.0200776196793,0.0357520992325,L
1,0.0200776196793,0.0454666000487,L
1,0.0200776196793,0.0433143969744,L
1,0.0200776196793,0.0446166982448,L
1,0.0200776196793,0.0350246613177,W
1,0.0200776196793,0.0573133785707,L
0,0.0200776196793,0.0253740518819,L
0,0.0200776196793,0.0510968894718,L
0,0.0200776196793,0.0446166982448,L
1,0.0200776196793,0.0216576228661,L
1,0.0200776196793,0.0243846306721,L
1,0.0200776196793,0.0357520992325,L
0,0.0200776196793,0.0350246613177,L
1,0.0200776196793,0.0209592907088,L
1,0.0200776196793,0.0365263868188,W
0,0.0200776196793,0.0433143969744,L
1,0.0200776196793,0.0433143969744,L
0,0.0200776196793,0.0243846306721,L
1,0.0200776196793,0.0573133785707,L
1,0.0200776196793,0.0510968894718,W
1,0.0200776196793,0.0320724757223,W
1,0.0200776196793,0.0365636108975,L
0,0.0200776196793,0.0454666000487,W
0,0.0200776196793,0.0209592907088,L
0,0.0200776196793,0.0303786164835,W
0,0.0200776196793,0.0134584365326,W
0,0.0200776196793,0.0365636108975,L
1,0.0200776196793,0.0253740518819,W
0,0.0200776196793,0.0365263868188,L
0,0.0200776196793,0.0573133785707,L
1,0.0200776196793,0.0205683455785,W
1,0.0200776196793,0.0134584365326,W
0,0.0200776196793,0.0341404403179,L
1,0.0200776196793,0.0211953922203,W
1,0.0200776196793,0.03396621339,L
0,0.0200776196793,0.0657186133141,L
0,0.0200776196793,0.0205683455785,W
0,0.0200776196793,0.0216576228661,L
0,0.0200776196793,0.0219085039503,L
0,0.0200776196793,0.0253740518819,L
1,0.0200776196793,0.0365263868188,W
1,0.0200776196793,0.0243846306721,L
1,0.0200776196793,0.0446166982448,W
0,0.0200776196793,0.0320724757223,L
0,0.0200776196793,0.0446166982448,L
0,0.0200776196793,0.0357520992325,L
1,0.0200776196793,0.012025568155,L
0,0.0234746516566,0.0136742516034,W
1,0.0234746516566,0.0581986374051,L
0,0.0234746516566,0.0121104393134,W
1,0.0234746516566,0.0601414370278,L
1,0.0234746516566,0.0260879879567,W
0,0.0234746516566,0.00813562607129,W
1,0.0234746516566,0.0446108216347,L
0,0.0234746516566,0.0470862842956,L
1,0.0234746516566,0.0275979653855,W
0,0.0234746516566,0.0168938919754,W
0,0.0234746516566,0.0179600137455,L
0,0.0234746516566,0.0260879879567,L
1,0.0234746516566,0.0663100429549,L
1,0.0234746516566,0.0578927085245,L
0,0.0234746516566,0.0581986374051,L
1,0.0234746516566,0.0246443143951,L
1,0.0234746516566,0.04778996166,W
0,0.0234746516566,0.0663100429549,L
0,0.0234746516566,0.0601414370278,L
0,0.0234746516566,0.0373716794588,L
1,0.0234746516566,0.0179600137455,L
1,0.0234746516566,0.0168938919754,W
1,0.0234746516566,0.0177474131345,W
1,0.0234746516566,0.0332591064454,W
1,0.0234746516566,0.0334844708815,L
0,0.0234746516566,0.0446108216347,L
0,0.0234746516566,0.0136742516034,L
0,0.0234746516566,0.0177474131345,L
1,0.0234746516566,0.0424139338419,L
1,0.0234746516566,0.0581986374051,W
0,0.0234746516566,0.0495475212282,W
0,0.0234746516566,0.0168938919754,W
0,0.0234746516566,0.0320574492305,W
0,0.0234746516566,0.0334844708815,L
0,0.0234746516566,0.0260879879567,L
1,0.0234746516566,0.0326294967255,L
1,0.0234746516566,0.0373716794588,L
0,0.0234746516566,0.0424139338419,L
1,0.0234746516566,0.0446108216347,W
1,0.0234746516566,0.0121104393134,W
1,0.0234746516566,0.0489909139254,L
1,0.0234746516566,0.00813562607129,W
1,0.0234746516566,0.0136742516034,W
1,0.0234746516566,0.0470862842956,W
1,0.0234746516566,0.0112470666466,W
0,0.0234746516566,0.0177474131345,L
0,0.0234746516566,0.0332591064454,L
1,0.0234746516566,0.0179600137455,W
0,0.0234746516566,0.0188726619181,L
0,0.0234746516566,0.04778996166,L
0,0.0234746516566,0.0275979653855,W
1,0.0234746516566,0.0188726619181,W
0,0.0234746516566,0.00813562607129,W
1,0.0234746516566,0.0320574492305,W
0,0.0234746516566,0.0121104393134,L
1,0.0234746516566,0.0495475212282,L
1,0.0234746516566,0.0416595478092,L
1,0.0234746516566,0.0481096619969,L
1,0.0234746516566,0.0136742516034,W
0,0.0234746516566,0.0424139338419,L
1,0.0234746516566,0.0332591064454,L
0,0.0234746516566,0.0470862842956,W
1,0.0234746516566,0.0424139338419,L
0,0.0234746516566,0.0332591064454,W
1,0.0234746516566,0.0177474131345,W
0,0.0234746516566,0.0581986374051,L
1,0.0234746516566,0.0168938919754,W
1,0.0234746516566,0.00813562607129,W
0,0.0234746516566,0.0489909139254,L
0,0.0234746516566,0.0481096619969,L
0,0.0234746516566,0.0326294967255,L
0,0.0234746516566,0.0578927085245,L
0,0.0234746516566,0.0416595478092,W
0,0.0234746516566,0.0112470666466,W
0,0.0234746516566,0.0246443143951,W
1,0.0234746516566,0.0495475212282,L
1,0.0234746516566,0.0260879879567,L
1,0.0234746516566,0.0121104393134,W
0,0.0234746516566,0.0179600137455,W
0,0.0234746516566,0.0495475212282,L
1,0.0234746516566,0.0470862842956,L
0,0.0234746516566,0.0446108216347,L
0,0.00904879743791,0.0486536050941,L
1,0.00904879743791,0.0428228571639,L
1,0.00904879743791,0.0277810142013,L
0,0.00904879743791,0.0219297555075,W
1,0.00904879743791,0.0486536050941,L
0,0.00904879743791,0.00833344488043,L
1,0.00904879743791,0.0259850076803,L
0,0.00904879743791,0.0486266769822,L
0,0.00904879743791,0.0417472928394,L
0,0.00904879743791,0.0353835081598,L
0,0.00904879743791,0.0441118766778,L
1,0.00904879743791,0.055844483274,L
0,0.00904879743791,0.0558499291874,L
1,0.00904879743791,0.0219297555075,W
1,0.00904879743791,0.0335968228424,L
1,0.00904879743791,0.0550956788118,L
1,0.00904879743791,0.0442633495206,W
1,0.00904879743791,0.0353835081598,L
0,0.00904879743791,0.00638944420762,L
0,0.00904879743791,0.0175745169287,W
0,0.00904879743791,0.0442633495206,L
1,0.00904879743791,0.0417472928394,L
0,0.00904879743791,0.0583001187652,L
1,0.00904879743791,0.0583001187652,L
1,0.00904879743791,0.0152915663156,W
0,0.00904879743791,0.03519965205,L
0,0.00904879743791,0.029733840339,L
0,0.00904879743791,0.055844483274,L
0,0.00904879743791,0.0558499291874,L
1,0.00904879743791,0.00638944420762,W
0,0.00904879743791,0.0152915663156,W
1,0.00904879743791,0.0175745169287,W
0,0.00904879743791,0.0219297555075,L
1,0.00904879743791,0.00833344488043,W
1,0.00904879743791,0.0558499291874,L
0,0.00904879743791,0.0291983822569,L
0,0.00904879743791,0.0259850076803,L
0,0.00904879743791,0.00813668165784,L
0,0.00904879743791,0.0335968228424,W
0,0.00904879743791,0.0427748184668,L
0,0.00904879743791,0.03519965205,L
1,0.00904879743791,0.0291983822569,L
1,0.00904879743791,0.00638944420762,L
0,0.00904879743791,0.0277810142013,L
0,0.00904879743791,0.0442633495206,L
1,0.00904879743791,0.0442633495206,L
1,0.00904879743791,0.0490082232047,L
1,0.00904879743791,0.0550956788118,W
0,0.00904879743791,0.0550956788118,L
1,0.00904879743791,0.0427748184668,L
1,0.00904879743791,0.029733840339,L
1,0.00904879743791,0.0277810142013,L
1,0.00904879743791,0.0441118766778,L
1,0.00904879743791,0.0486266769822,L
1,0.00904879743791,0.0583001187652,L
1,0.00904879743791,0.0267503774502,W
1,0.00904879743791,0.0486536050941,L
0,0.00904879743791,0.0277810142013,L
0,0.00904879743791,0.0175745169287,L
0,0.00904879743791,0.00638944420762,W
0,0.00904879743791,0.0486536050941,L
1,0.00904879743791,0.0558499291874,L
1,0.00904879743791,0.00813668165784,W
0,0.00904879743791,0.0428228571639,L
0,0.00904879743791,0.0152915663156,W
0,0.00904879743791,0.0583001187652,L
1,0.00904879743791,0.0430361406454,L
0,0.00904879743791,0.00833344488043,L
1,0.00904879743791,0.0395309028831,L
1,0.00904879743791,0.03519965205,L
1,0.00904879743791,0.0175745169287,W
0,0.00904879743791,0.0490082232047,L
0,0.00904879743791,0.0395309028831,L
0,0.00904879743791,0.0267503774502,L
0,0.00904879743791,0.0430361406454,L
1,0.00904879743791,0.00833344488043,L
1,0.00904879743791,0.0428228571639,L
0,0.00904879743791,0.0550956788118,L
1,0.00904879743791,0.03519965205,L
1,0.00904879743791,0.0152915663156,L
0,0.00904879743791,0.0428228571639,L
1,0.00904879743791,0.0219297555075,W
1,0.0145264017566,0.0375269986429,L
1,0.0145264017566,0.0169713708911,L
0,0.0145264017566,0.0075753888339,L
0,0.0145264017566,0.0375269986429,L
1,0.0145264017566,0.0328470140085,L
1,0.0145264017566,0.0075753888339,L
1,0.0145264017566,0.023012972488,L
0,0.0145264017566,0.0495020991991,L
1,0.0145264017566,0.0249773622252,L
1,0.0145264017566,0.0464999022688,L
0,0.0145264017566,0.0464999022688,L
1,0.0145264017566,0.0441404760601,L
0,0.0145264017566,0.023012972488,L
0,0.0145264017566,0.0326870830606,L
0,0.0145264017566,0.0520190859136,L
1,0.0145264017566,0.0464999022688,L
0,0.0145264017566,0.0464999022688,L
1,0.0145264017566,0.0330827109875,W
1,0.0145264017566,0.0457411417985,L
0,0.0145264017566,0.0375373418325,L
0,0.0145264017566,0.0383836573169,L
0,0.0145264017566,0.0251779606173,L
0,0.0145264017566,0.0341788424552,L
0,0.0145264017566,0.0328470140085,W
1,0.0145264017566,0.0249773622252,L
0,0.0145264017566,0.0375373418325,L
1,0.0145264017566,0.0495020991991,W
0,0.0145264017566,0.0150077457623,L
1,0.0145264017566,0.0326870830606,L
0,0.0145264017566,0.023012972488,L
0,0.0145264017566,0.0520190859136,L
0,0.0145264017566,0.0150077457623,L
1,0.0145264017566,0.0375269986429,L
1,0.0145264017566,0.0328470140085,W
1,0.0145264017566,0.0457411417985,L
0,0.0145264017566,0.0457411417985,W
1,0.0145264017566,0.0241374794726,W
1,0.0145264017566,0.0495020991991,L
0,0.0145264017566,0.0249773622252,W
1,0.0145264017566,0.0150077457623,L
1,0.0145264017566,0.0330827109875,L
0,0.0145264017566,0.0075753888339,L
1,0.0145264017566,0.0326870830606,W
1,0.0145264017566,0.0075753888339,W
1,0.0145264017566,0.0520190859136,L
0,0.0145264017566,0.0330827109875,L
0,0.0145264017566,0.0328470140085,L
0,0.0145264017566,0.0326870830606,L
0,0.0145264017566,0.0495020991991,L
1,0.0145264017566,0.0375373418325,L
1,0.0113092449597,0.0378661806203,L
0,0.0113092449597,0.0553687706508,L
1,0.0113092449597,0.0353118719347,W
1,0.0113092449597,0.0467278434162,L
1,0.0113092449597,0.050477960464,L
0,0.0113092449597,0.0158762947701,L
0,0.0113092449597,0.0331624723911,L
0,0.0113092449597,0.0435610306621,W
0,0.0113092449597,0.0390960786237,L
0,0.0113092449597,0.0259779940082,W
1,0.0113092449597,0.0434609315786,W
0,0.0113092449597,0.0378661806203,L
1,0.0113092449597,0.0553687706508,L
1,0.0113092449597,0.0406435788934,L
1,0.0113092449597,0.0326364963218,L
1,0.0113092449597,0.0378661806203,L
1,0.0113092449597,0.0450499238142,L
0,0.0113092449597,0.0225612766566,L
0,0.0113092449597,0.0321935948686,L
0,0.0113092449597,0.0504634779787,L
1,0.0113092449597,0.0158762947701,W
0,0.0113092449597,0.0601802695307,L
1,0.0113092449597,0.011289848098,W
0,0.0113092449597,0.0158762947701,L
0,0.0113092449597,0.011289848098,W
1,0.0113092449597,0.0373301492259,W
1,0.0113092449597,0.0272305307634,W
0,0.0113092449597,0.0355897519604,L
0,0.0113092449597,0.0326364963218,L
1,0.0113092449597,0.0601802695307,L
0,0.0113092449597,0.0601802695307,L
1,0.0113092449597,0.0504634779787,W
0,0.0113092449597,0.0229640464554,L
0,0.0113092449597,0.0272305307634,L
0,0.0113092449597,0.0272038420354,L
0,0.0113092449597,0.0467278434162,L
1,0.0113092449597,0.050477960464,L
0,0.0113092449597,0.0373301492259,L
1,0.0113092449597,0.0435610306621,L
1,0.0113092449597,0.0302410289583,L
0,0.0113092449597,0.050477960464,L
0,0.0113092449597,0.0368231075527,L
1,0.0113092449597,0.0272038420354,W
1,0.0113092449597,0.011289848098,L
0,0.0113092449597,0.0406435788934,L
1,0.0113092449597,0.0368231075527,L
1,0.0113092449597,0.0127928682918,L
0,0.0113092449597,0.0553687706508,L
1,0.0113092449597,0.0158762947701,L
0,0.0113092449597,0.0450499238142,L
0,0.0113092449597,0.0302410289583,L
0,0.0113092449597,0.0366082999474,L
0,0.0113092449597,0.0127928682918,L
0,0.0113092449597,0.0434609315786,L
0,0.0113092449597,0.0353118719347,L
0,0.0113092449597,0.0435610306621,L
1,0.0113092449597,0.0225612766566,W
1,0.0113092449597,0.0326364963218,L
1,0.0113092449597,0.0229640464554,L
1,0.0113092449597,0.0601802695307,L
1,0.0113092449597,0.0390960786237,L
1,0.0113092449597,0.0366082999474,L
0,0.0113092449597,0.011289848098,W
1,0.0113092449597,0.0355897519604,W
0,0.0113092449597,0.0373301492259,L
0,0.0113092449597,0.0355897519604,L
1,0.0113092449597,0.0373301492259,L
1,0.0113092449597,0.0259779940082,L
0,0.0113092449597,0.050477960464,L
0,0.0113092449597,0.0326364963218,L
1,0.0113092449597,0.0321935948686,L
1,0.0113092449597,0.0368231075527,L
1,0.0113092449597,0.0331624723911,L
1,0.0113092449597,0.0467278434162,L
1,0.0113092449597,0.0435610306621,L
0,0.0113092449597,0.0368231075527,L
1,0.0113092449597,0.0406435788934,L
0,0.0113092449597,0.0467278434162,L
0,0.0113092449597,0.0406435788934,L
1,0.0113092449597,0.0355897519604,L
1,0.0113092449597,0.0553687706508,L
0,0.0113092449597,0.0378661806203,W
0,0.0276202404292,0.04511756994,L
1,0.0276202404292,0.0172042068948,L
1,0.0276202404292,0.0386041048947,W
0,0.0276202404292,0.0534316345879,L
1,0.0276202404292,0.04511756994,L
1,0.0276202404292,0.0193528870943,W
0,0.0276202404292,0.0386101241778,L
1,0.0276202404292,0.0459041053822,L
1,0.0276202404292,0.0420230060675,W
0,0.0276202404292,0.0172042068948,W
1,0.0276202404292,0.0421963991338,L
1,0.0276202404292,0.0203874294339,L
0,0.0276202404292,0.0421963991338,L
1,0.0276202404292,0.0508097726056,L
1,0.0276202404292,0.0534316345879,L
1,0.0276202404292,0.0151141728353,W
0,0.0276202404292,0.0338219629252,L
0,0.0276202404292,0.0267664865483,L
0,0.0276202404292,0.0420230060675,L
0,0.0276202404292,0.0125024822757,W
0,0.0276202404292,0.0345013846639,L
0,0.0276202404292,0.0456478775119,L
1,0.0276202404292,0.0312304020182,W
1,0.0276202404292,0.0370445623088,L
0,0.0276202404292,0.0508097726056,W
1,0.0276202404292,0.0125024822757,L
1,0.0276202404292,0.0456478775119,W
1,0.0276202404292,0.0172042068948,W
0,0.0276202404292,0.0386101241778,L
0,0.0276202404292,0.0459041053822,L
1,0.0276202404292,0.0534316345879,L
1,0.0276202404292,0.0338219629252,W
0,0.0276202404292,0.0508097726056,L
1,0.0276202404292,0.0345013846639,L
0,0.0276202404292,0.0534316345879,W
1,0.0276202404292,0.030243610371,L
1,0.0276202404292,0.0386101241778,W
0,0.0276202404292,0.0456478775119,L
0,0.0276202404292,0.0193528870943,L
0,0.0276202404292,0.030243610371,L
0,0.0276202404292,0.042769901425,L
1,0.0276202404292,0.0267664865483,L
1,0.0276202404292,0.0421963991338,L
1,0.0276202404292,0.0509743988337,L
1,0.0276202404292,0.0543730629328,L
0,0.0276202404292,0.0543730629328,L
0,0.0276202404292,0.0386041048947,W
1,0.0276202404292,0.0462916010723,W
1,0.0276202404292,0.011204268415,W
0,0.0276202404292,0.0151141728353,L
0,0.0276202404292,0.0370445623088,L
0,0.0276202404292,0.0312304020182,L
0,0.0276202404292,0.0434508596427,L
0,0.0276202404292,0.0203874294339,L
0,0.0276202404292,0.0208748100579,W
0,0.0276202404292,0.0219266343684,W
0,0.0276202404292,0.011204268415,W
1,0.0276202404292,0.0462916010723,W
1,0.0276202404292,0.0459041053822,L
0,0.0276202404292,0.0509743988337,L
0,0.0276202404292,0.0462916010723,L
1,0.0276202404292,0.0509743988337,W
1,0.0276202404292,0.0386101241778,W
0,0.0276202404292,0.0386041048947,L
0,0.0276202404292,0.0459041053822,L
0,0.0276202404292,0.0543730629328,L
1,0.0276202404292,0.0151141728353,W
1,0.0276202404292,0.04511756994,L
1,0.0276202404292,0.0434508596427,W
1,0.0276202404292,0.0386041048947,W
0,0.0276202404292,0.0462916010723,L
1,0.0276202404292,0.0208748100579,W
0,0.0276202404292,0.0421963991338,L
1,0.0276202404292,0.0219266343684,W
0,0.0276202404292,0.0172042068948,L
1,0.0276202404292,0.042769901425,W
1,0.0276202404292,0.0543730629328,L
0,0.0276202404292,0.0509743988337,L
1,0.0276202404292,0.0456478775119,W
0,0.0276202404292,0.0151141728353,W
1,0.0276202404292,0.0508097726056,W
0,0.0276202404292,0.04511756994,L
0,0.0329404654732,0.0492945476835,L
0,0.0329404654732,0.0253118085808,L
1,0.0329404654732,0.0173926248071,L
1,0.0329404654732,0.0248617041374,W
1,0.0329404654732,0.0203088371308,W
0,0.0329404654732,0.0471743974418,L
1,0.0329404654732,0.0347629506681,W
1,0.0329404654732,0.0179544288082,W
1,0.0329404654732,0.0348056225007,L
1,0.0329404654732,0.0252082885247,W
1,0.0329404654732,0.0566616907025,L
1,0.0329404654732,0.0423107327029,L
0,0.0329404654732,0.0355718035229,L
1,0.0329404654732,0.0253118085808,W
1,0.0329404654732,0.045843822628,W
0,0.0329404654732,0.0227248572674,L
1,0.0329404654732,0.033138142353,W
1,0.0329404654732,0.0297987719723,W
1,0.0329404654732,0.0355718035229,L
1,0.0329404654732,0.0313789380408,W
1,0.0329404654732,0.032538111373,W
1,0.0329404654732,0.0413353969892,W
0,0.0329404654732,0.0566616907025,L
1,0.0329404654732,0.0376810986189,W
0,0.0329404654732,0.0347629506681,W
1,0.0329404654732,0.0525035532944,W
1,0.0329404654732,0.036312421079,L
0,0.0329404654732,0.0413353969892,L
1,0.0329404654732,0.0395815163337,L
1,0.0329404654732,0.0471743974418,W
0,0.0329404654732,0.0525035532944,L
0,0.0329404654732,0.0227248572674,W
1,0.0329404654732,0.0325344497879,W
0,0.0329404654732,0.036312421079,L
0,0.0329404654732,0.0275220645096,L
0,0.0329404654732,0.0423107327029,L
0,0.0329404654732,0.0313789380408,L
0,0.0329404654732,0.0348056225007,W
0,0.0329404654732,0.045843822628,L
1,0.0329404654732,0.0218184305342,W
0,0.0329404654732,0.0471743974418,L
1,0.0329404654732,0.0227248572674,W
1,0.0329404654732,0.0566616907025,W
1,0.0329404654732,0.0507272879664,L
0,0.0329404654732,0.0203088371308,L
0,0.0329404654732,0.0507272879664,W
0,0.0329404654732,0.0492945476835,W
0,0.0329404654732,0.0248617041374,L
0,0.0329404654732,0.0395815163337,L
0,0.0329404654732,0.0252082885247,W
0,0.0329404654732,0.0376810986189,L
1,0.0329404654732,0.0492945476835,L
1,0.0329404654732,0.0507272879664,W
1,0.0329404654732,0.0471743974418,L
0,0.0329404654732,0.0297987719723,W
0,0.0329404654732,0.032538111373,L
0,0.0329404654732,0.033138142353,L
0,0.0329404654732,0.0203088371308,W
0,0.0329404654732,0.0253118085808,W
1,0.0329404654732,0.0173926248071,W
0,0.0329404654732,0.0325344497879,L
0,0.0329404654732,0.0179544288082,W
0,0.0329404654732,0.0218184305342,W
0,0.0329404654732,0.045843822628,W
1,0.0329404654732,0.0275220645096,W
0,0.0329404654732,0.0566616907025,L
1,0.0329404654732,0.0413353969892,L
1,0.0329404654732,0.0253118085808,W
0,0.0329404654732,0.0173926248071,W
1,0.0329404654732,0.0347629506681,L
1,0.0329404654732,0.0492945476835,L
0,0.0329404654732,0.0525035532944,L
0,0.0329404654732,0.0347629506681,W
1,0.0329404654732,0.0355718035229,L
0,0.0329404654732,0.0355718035229,L
0,0.0329404654732,0.0507272879664,L
1,0.0329404654732,0.0227248572674,W
0,0.0329404654732,0.0413353969892,L
1,0.0329404654732,0.0525035532944,L
1,0.0329404654732,0.045843822628,L
1,0.0329404654732,0.0203088371308,W
0,0.0329404654732,0.0173926248071,L
1,0.023564157669,0.012083915612,L
1,0.023564157669,0.0462260556475,L
1,0.023564157669,0.0367422380806,W
0,0.023564157669,0.0357271705879,L
0,0.023564157669,0.0386303437644,L
0,0.023564157669,0.0327949292018,W
0,0.023564157669,0.0196846209372,W
1,0.023564157669,0.0327949292018,L
0,0.023564157669,0.0454767386039,L
1,0.023564157669,0.0364926584602,L
0,0.023564157669,0.0307409564514,W
1,0.023564157669,0.0542931851066,L
0,0.023564157669,0.0138054199657,L
1,0.023564157669,0.0386148010169,W
1,0.023564157669,0.0419625489219,L
1,0.023564157669,0.0386303437644,W
0,0.023564157669,0.0542931851066,L
1,0.023564157669,0.035954726476,L
1,0.023564157669,0.0196846209372,W
1,0.023564157669,0.0475021484016,W
0,0.023564157669,0.0352761640235,W
0,0.023564157669,0.0511840826803,L
0,0.023564157669,0.0576431843041,L
0,0.023564157669,0.0386148010169,W
1,0.023564157669,0.0576431843041,W
1,0.023564157669,0.0454767386039,L
1,0.023564157669,0.0455610525184,L
1,0.023564157669,0.0138054199657,W
0,0.023564157669,0.0455610525184,L
1,0.023564157669,0.0307409564514,L
1,0.023564157669,0.0357271705879,L
0,0.023564157669,0.0511840826803,L
0,0.023564157669,0.0213522259533,L
1,0.023564157669,0.0576431843041,L
1,0.023564157669,0.0213522259533,W
0,0.023564157669,0.0364926584602,W
1,0.023564157669,0.0511840826803,L
1,0.023564157669,0.0475021484016,L
1,0.023564157669,0.0542931851066,W
0,0.023564157669,0.0462260556475,L
0,0.023564157669,0.0419625489219,W
0,0.023564157669,0.0475021484016,L
0,0.023564157669,0.035954726476,L
0,0.023564157669,0.012083915612,L
1,0.023564157669,0.0233083765134,W
1,0.023564157669,0.0455610525184,L
0,0.023564157669,0.0190538181728,L
0,0.023564157669,0.0324652327729,L
0,0.023564157669,0.0367422380806,L
0,0.023564157669,0.0455610525184,W
1,0.023564157669,0.0279781651094,L
1,0.023564157669,0.0335231092382,L
1,0.023564157669,0.0338627017997,W
1,0.023564157669,0.0284940374416,L
0,0.023564157669,0.0462260556475,L
1,0.023564157669,0.0307409564514,L
0,0.023564157669,0.0454767386039,L
1,0.023564157669,0.0364926584602,L
1,0.023564157669,0.0352761640235,L
0,0.023564157669,0.0279781651094,L
0,0.023564157669,0.0335231092382,L
0,0.023564157669,0.0233083765134,W
0,0.023564157669,0.0284940374416,L
0,0.023564157669,0.0386148010169,L
0,0.023564157669,0.0576431843041,L
1,0.023564157669,0.0190538181728,W
1,0.023564157669,0.0462260556475,L
1,0.023564157669,0.0138054199657,W
0,0.023564157669,0.0419625489219,L
1,0.023564157669,0.0386148010169,L
1,0.023564157669,0.0511840826803,L
0,0.023564157669,0.0542931851066,L
1,0.023564157669,0.0213522259533,W
1,0.023564157669,0.0419625489219,L
0,0.023564157669,0.0364926584602,L
1,0.023564157669,0.0324652327729,W
0,0.023564157669,0.0213522259533,L
0,0.023564157669,0.0338627017997,L
0,0.023564157669,0.0475021484016,L
0,0.023564157669,0.0138054199657,W
0,0.023564157669,0.0307409564514,W
1,0.023564157669,0.0454767386039,W
0,0.0230022242103,0.0325795118916,L
1,0.0230022242103,0.0325795118916,L
0,0.0230022242103,0.0394410981131,W
1,0.0230022242103,0.0243155756708,W
0,0.0230022242103,0.0366674388346,W
1,0.0230022242103,0.0140506377547,W
0,0.0230022242103,0.0256739397412,L
0,0.0230022242103,0.0470939575801,L
0,0.0230022242103,0.0554786288122,L
1,0.0230022242103,0.0387982938273,L
1,0.0230022242103,0.0327698648921,L
1,0.0230022242103,0.0394410981131,L
1,0.0230022242103,0.050931942262,W
1,0.0230022242103,0.0256739397412,W
0,0.0230022242103,0.0383340306005,L
1,0.0230022242103,0.0554786288122,L
0,0.0230022242103,0.0518453621682,L
1,0.0230022242103,0.0519580222056,W
1,0.0230022242103,0.0255179000416,W
1,0.0230022242103,0.0333170887807,W
1,0.0230022242103,0.0336617480946,W
0,0.0230022242103,0.0387982938273,L
0,0.0230022242103,0.0519580222056,W
0,0.0230022242103,0.050931942262,L
1,0.0230022242103,0.0270303128086,W
1,0.0230022242103,0.0236356643622,L
1,0.0230022242103,0.0255179000416,L
1,0.0230022242103,0.0394410981131,W
1,0.0230022242103,0.0518453621682,L
1,0.0230022242103,0.0505441579753,W
0,0.0230022242103,0.0327698648921,L
0,0.0230022242103,0.0270303128086,L
0,0.0230022242103,0.0236356643622,W
1,0.0230022242103,0.0468631309398,L
1,0.0230022242103,0.0409752787228,W
1,0.0230022242103,0.0268666671468,L
0,0.0230022242103,0.0505441579753,L
1,0.0230022242103,0.0518453621682,L
1,0.0230022242103,0.0366674388346,W
1,0.0230022242103,0.0383340306005,W
0,0.0230022242103,0.0325795118916,L
0,0.0230022242103,0.0383340306005,L
1,0.0230022242103,0.0144395115804,W
0,0.0230022242103,0.0268666671468,L
0,0.0230022242103,0.0140506377547,W
0,0.0230022242103,0.0243155756708,W
0,0.0230022242103,0.0283327061284,W
0,0.0230022242103,0.0182729343775,L
0,0.0230022242103,0.0280273790348,L
0,0.0230022242103,0.0554786288122,L
0,0.0230022242103,0.0468631309398,L
0,0.0230022242103,0.0409752787228,L
1,0.0230022242103,0.0283327061284,W
0,0.0230022242103,0.0336617480946,W
0,0.0230022242103,0.0519580222056,L
0,0.0230022242103,0.0333170887807,L
1,0.0230022242103,0.0280273790348,W
1,0.0230022242103,0.0395749502898,L
0,0.0230022242103,0.0518453621682,L
1,0.0230022242103,0.0470939575801,L
1,0.0230022242103,0.0468631309398,L
1,0.0230022242103,0.0409752787228,W
0,0.0230022242103,0.0387982938273,L
0,0.0230022242103,0.050931942262,L
0,0.0230022242103,0.0468631309398,L
1,0.0230022242103,0.0519580222056,L
0,0.0230022242103,0.0255179000416,W
1,0.0230022242103,0.0505441579753,L
0,0.0230022242103,0.0505441579753,L
1,0.0230022242103,0.0366674388346,L
0,0.0230022242103,0.0394410981131,L
0,0.0230022242103,0.0409752787228,L
1,0.0230022242103,0.0182729343775,L
1,0.0230022242103,0.0554786288122,L
0,0.0230022242103,0.0366674388346,L
0,0.0230022242103,0.0395749502898,L
0,0.0230022242103,0.0144395115804,L
1,0.0230022242103,0.0383340306005,L
1,0.0230022242103,0.0387982938273,L
1,0.0230022242103,0.050931942262,L
0,0.0230022242103,0.0255179000416,W
1,0.0230022242103,0.0325795118916,L
1,0.0283613594588,0.0462983282637,W
0,0.0283613594588,0.0208801628593,L
0,0.0283613594588,0.0309794719403,W
1,0.0283613594588,0.0459287053464,L
0,0.0283613594588,0.0384953746484,W
0,0.0283613594588,0.0233649840358,L
0,0.0283613594588,0.0342031872275,W
1,0.0283613594588,0.0244600023727,W
0,0.0283613594588,0.0272022012142,L
1,0.0283613594588,0.0491753075978,L
1,0.0283613594588,0.0518518644433,L
1,0.0283613594588,0.0275516582212,W
0,0.0283613594588,0.0309794719403,W
1,0.0283613594588,0.0309794719403,W
1,0.0283613594588,0.0294462368466,W
1,0.0283613594588,0.0384953746484,W
1,0.0283613594588,0.0397877112313,L
1,0.0283613594588,0.015963587385,W
1,0.0283613594588,0.0272022012142,L
1,0.0283613594588,0.0323576941767,L
0,0.0283613594588,0.0250049524558,L
0,0.0283613594588,0.0397877112313,L
1,0.0283613594588,0.0382590467326,L
1,0.0283613594588,0.0125330439256,W
0,0.0283613594588,0.0491753075978,L
0,0.0283613594588,0.0382590467326,L
1,0.0283613594588,0.0250049524558,W
1,0.0283613594588,0.0534568073754,L
1,0.0283613594588,0.0322680793321,W
0,0.0283613594588,0.0412631558738,W
1,0.0283613594588,0.0208801628593,W
1,0.0283613594588,0.0518518644433,L
0,0.0283613594588,0.0462983282637,L
1,0.0283613594588,0.0462983282637,W
1,0.0283613594588,0.0430247392708,W
0,0.0283613594588,0.0436657493784,L
1,0.0283613594588,0.0436657493784,L
0,0.0283613594588,0.0534568073754,L
0,0.0283613594588,0.0507107362173,L
0,0.0283613594588,0.0125330439256,L
1,0.0283613594588,0.0507107362173,W
1,0.0283613594588,0.0272022012142,W
0,0.0283613594588,0.0208801628593,L
1,0.0283613594588,0.0309794719403,W
1,0.0283613594588,0.0233649840358,W
0,0.0283613594588,0.0382590467326,W
0,0.0283613594588,0.0218815511342,L
0,0.0283613594588,0.0322680793321,L
0,0.0283613594588,0.0323576941767,L
0,0.0283613594588,0.0322721886435,L
0,0.0283613594588,0.0244600023727,L
0,0.0283613594588,0.0282207339972,L
0,0.0283613594588,0.0430247392708,L
0,0.0283613594588,0.0518518644433,L
1,0.0283613594588,0.0397877112313,W
1,0.0283613594588,0.0111313783946,W
0,0.0283613594588,0.0250049524558,L
1,0.0283613594588,0.0507107362173,W
1,0.0283613594588,0.0412631558738,L
1,0.0283613594588,0.0382590467326,L
0,0.0283613594588,0.0272022012142,W
0,0.0283613594588,0.0436657493784,L
1,0.0283613594588,0.0342031872275,W
1,0.0283613594588,0.0282207339972,W
0,0.0283613594588,0.0412631558738,L
1,0.0283613594588,0.0436657493784,L
1,0.0283613594588,0.0208801628593,W
1,0.0283613594588,0.0218815511342,W
1,0.0283613594588,0.0322721886435,W
0,0.0283613594588,0.0397877112313,L
0,0.0283613594588,0.0294462368466,L
0,0.0283613594588,0.0275516582212,L
0,0.0283613594588,0.0459287053464,L
0,0.0283613594588,0.0111313783946,W
0,0.0283613594588,0.015963587385,W
0,0.0283613594588,0.0534568073754,L
1,0.0283613594588,0.0534568073754,L
1,0.0283613594588,0.0250049524558,W
0,0.0283613594588,0.0518518644433,L
1,0.0283613594588,0.0125330439256,W
0,0.0283613594588,0.0491753075978,L
0,0.0283613594588,0.0125330439256,W
0,0.0373336993284,0.0286998993595,W
1,0.0373336993284,0.0231967772136,W
1,0.0373336993284,0.0274930533717,W
0,0.0373336993284,0.0274930533717,L
0,0.0373336993284,0.0378565702426,W
0,0.0373336993284,0.0231967772136,W
0,0.0373336993284,0.0319561259658,L
1,0.0373336993284,0.0322669715192,W
0,0.0373336993284,0.0398906499344,W
1,0.0373336993284,0.0287733383299,W
1,0.0373336993284,0.0185668453691,W
0,0.0373336993284,0.0382275097476,L
1,0.0373336993284,0.0328099070077,L
0,0.0373336993284,0.0274930533717,W
0,0.0373336993284,0.041782856954,L
1,0.0373336993284,0.041782856954,W
1,0.0373336993284,0.0372866456861,W
1,0.0373336993284,0.0220516035507,W
1,0.0373336993284,0.0444101789333,W
1,0.0373336993284,0.0530979747688,L
0,0.0373336993284,0.0519055956565,L
0,0.0373336993284,0.0287321330091,L
1,0.0373336993284,0.0248309163331,W
0,0.0373336993284,0.0413684482168,L
0,0.0373336993284,0.0328099070077,L
0,0.0373336993284,0.016695211701,W
1,0.0373336993284,0.0386897373381,L
1,0.0373336993284,0.022294065136,L
0,0.0373336993284,0.0162275007917,W
0,0.0373336993284,0.0386897373381,L
1,0.0373336993284,0.0398906499344,L
1,0.0373336993284,0.030374255915,W
1,0.0373336993284,0.0286998993595,W
1,0.0373336993284,0.0347741113341,W
1,0.0373336993284,0.0444101789333,L
1,0.0373336993284,0.051647467993,L
1,0.0373336993284,0.0287733383299,W
0,0.0373336993284,0.0287733383299,W
1,0.0373336993284,0.0413684482168,W
0,0.0373336993284,0.0382275097476,W
1,0.0373336993284,0.0382275097476,W
0,0.0373336993284,0.0372866456861,L
0,0.0373336993284,0.030374255915,W
0,0.0373336993284,0.022294065136,W
0,0.0373336993284,0.0185668453691,W
0,0.0373336993284,0.0220516035507,W
0,0.0373336993284,0.0530979747688,L
1,0.0373336993284,0.0374113059324,W
1,0.0373336993284,0.0293486433611,L
1,0.0373336993284,0.0248309163331,L
0,0.0373336993284,0.0287733383299,L
0,0.0373336993284,0.051647467993,L
0,0.0373336993284,0.0248309163331,L
1,0.0373336993284,0.0398906499344,W
1,0.0373336993284,0.016695211701,W
1,0.0373336993284,0.0287321330091,W
0,0.0373336993284,0.0347741113341,L
1,0.0373336993284,0.0374113059324,L
1,0.0373336993284,0.0519055956565,W
0,0.0373336993284,0.0293486433611,W
0,0.0373336993284,0.0322669715192,W
1,0.0373336993284,0.0274930533717,W
0,0.0373336993284,0.0444101789333,L
1,0.0373336993284,0.0319561259658,W
0,0.0373336993284,0.0248309163331,W
0,0.0373336993284,0.0287321330091,L
0,0.0373336993284,0.0374113059324,L
1,0.0373336993284,0.0378565702426,W
0,0.0373336993284,0.0162275007917,W
1,0.0373336993284,0.0519055956565,L
1,0.0373336993284,0.0347741113341,W
0,0.0373336993284,0.0386897373381,L
1,0.0373336993284,0.0382275097476,W
0,0.0373336993284,0.0444101789333,W
1,0.0373336993284,0.0386897373381,L
0,0.0373336993284,0.0398906499344,L
1,0.0373336993284,0.051647467993,L
1,0.0373336993284,0.0162275007917,W
0,0.0373336993284,0.0286998993595,W
1,0.0373336993284,0.0286998993595,L
0,0.0373336993284,0.0374113059324,L
0,0.0373336993284,0.051647467993,W
0,0.034298882176,0.0526402082224,L
1,0.034298882176,0.0388660221349,W
1,0.034298882176,0.0526402082224,W
1,0.034298882176,0.0257677717252,W
1,0.034298882176,0.0553772167046,W
1,0.034298882176,0.0285020449866,W
0,0.034298882176,0.0525778720392,L
1,0.034298882176,0.0256309318705,W
0,0.034298882176,0.0393138172865,L
1,0.034298882176,0.0235623641236,L
0,0.034298882176,0.0285942712668,L
0,0.034298882176,0.0388660221349,L
0,0.034298882176,0.0263018752762,L
1,0.034298882176,0.0182629696412,W
1,0.034298882176,0.0393138172865,L
1,0.034298882176,0.0299972389153,W
1,0.034298882176,0.0329776498938,W
0,0.034298882176,0.0501365945883,L
0,0.034298882176,0.0182629696412,W
1,0.034298882176,0.0501365945883,L
1,0.034298882176,0.0525778720392,L
0,0.034298882176,0.0257677717252,L
1,0.034298882176,0.0440081340284,L
1,0.034298882176,0.0319300859642,L
0,0.034298882176,0.0553772167046,L
0,0.034298882176,0.0440081340284,W
0,0.034298882176,0.0525778720392,L
1,0.034298882176,0.0170128266176,W
1,0.034298882176,0.0263018752762,W
1,0.034298882176,0.024778497152,W
0,0.034298882176,0.0299972389153,L
0,0.034298882176,0.0329776498938,W
0,0.034298882176,0.0325772211355,L
0,0.034298882176,0.0231298667949,L
0,0.034298882176,0.0285020449866,W
0,0.034298882176,0.0285942712668,W
1,0.034298882176,0.0376046414502,L
0,0.034298882176,0.0431623801119,L
1,0.034298882176,0.0431623801119,W
1,0.034298882176,0.0182629696412,W
1,0.034298882176,0.0211455629075,W
1,0.034298882176,0.0295165057594,W
1,0.034298882176,0.0285942712668,L
0,0.034298882176,0.0235623641236,W
1,0.034298882176,0.0394706002925,W
0,0.034298882176,0.0170128266176,W
0,0.034298882176,0.0319300859642,L
0,0.034298882176,0.024778497152,L
0,0.034298882176,0.0376046414502,L
0,0.034298882176,0.0256309318705,W
0,0.034298882176,0.0250560071358,L
0,0.034298882176,0.0409039543143,L
1,0.034298882176,0.0231298667949,L
1,0.034298882176,0.0526402082224,L
1,0.034298882176,0.0431623801119,W
1,0.034298882176,0.0268959854844,W
1,0.034298882176,0.0235623641236,W
0,0.034298882176,0.0235623641236,L
1,0.034298882176,0.0250560071358,W
1,0.034298882176,0.0501365945883,L
0,0.034298882176,0.0431623801119,L
1,0.034298882176,0.0409039543143,L
0,0.034298882176,0.0501365945883,L
0,0.034298882176,0.0440081340284,L
0,0.034298882176,0.0268959854844,W
0,0.034298882176,0.0295165057594,L
0,0.034298882176,0.0394706002925,W
0,0.034298882176,0.0211455629075,W
1,0.034298882176,0.0525778720392,W
1,0.034298882176,0.0325772211355,W
1,0.034298882176,0.0440081340284,L
0,0.034298882176,0.0263018752762,W
0,0.034298882176,0.0257677717252,W
1,0.034298882176,0.0393138172865,W
1,0.034298882176,0.0388660221349,L
0,0.034298882176,0.0553772167046,L
0,0.034298882176,0.0285020449866,L
0,0.034298882176,0.0393138172865,W
1,0.034298882176,0.0257677717252,W
1,0.034298882176,0.0263018752762,L
0,0.034298882176,0.0526402082224,W
1,0.034298882176,0.0285020449866,L
1,0.0144436360437,0.0409191407122,W
1,0.0144436360437,0.0135101463625,W
0,0.0144436360437,0.0245808670009,W
0,0.0144436360437,0.0239426416285,W
0,0.0144436360437,0.0487481451531,L
1,0.0144436360437,0.0382260968829,L
1,0.0144436360437,0.0183286109571,W
0,0.0144436360437,0.0409191407122,L
1,0.0144436360437,0.0245808670009,L
1,0.0144436360437,0.0423150926019,W
0,0.0144436360437,0.0460825266219,L
1,0.0144436360437,0.0488463159561,L
1,0.0144436360437,0.0461350319169,L
0,0.0144436360437,0.0423150926019,L
1,0.0144436360437,0.0239426416285,L
1,0.0144436360437,0.019831045288,L
0,0.0144436360437,0.0135101463625,L
0,0.0144436360437,0.0350973513818,W
1,0.0144436360437,0.0104770158129,L
0,0.0144436360437,0.0240766192695,W
0,0.0144436360437,0.0236352450863,L
0,0.0144436360437,0.0143836045225,W
0,0.0144436360437,0.051051947786,L
1,0.0144436360437,0.0295110735054,L
0,0.0144436360437,0.0438903386582,L
0,0.0144436360437,0.0467811218833,L
1,0.0144436360437,0.0460825266219,L
0,0.0144436360437,0.0460825266219,L
1,0.0144436360437,0.0178720611894,W
1,0.0144436360437,0.0488463159561,L
1,0.0144436360437,0.0467811218833,L
1,0.0144436360437,0.0420348076121,L
1,0.0144436360437,0.0438903386582,L
1,0.0144436360437,0.0460825266219,W
0,0.0144436360437,0.0538282576049,L
1,0.0144436360437,0.0240766192695,W
1,0.0144436360437,0.0538282576049,L
1,0.0144436360437,0.0350973513818,W
0,0.0144436360437,0.0488463159561,L
0,0.0144436360437,0.0143836045225,L
1,0.0144436360437,0.0236352450863,L
1,0.0144436360437,0.0261240693114,W
0,0.0144436360437,0.0178720611894,L
0,0.0144436360437,0.0382260968829,L
0,0.0144436360437,0.0183286109571,W
0,0.0144436360437,0.0523365499154,L
0,0.0144436360437,0.0295110735054,W
0,0.0144436360437,0.032103198385,L
0,0.0144436360437,0.019831045288,W
1,0.0144436360437,0.0367232164209,L
1,0.0144436360437,0.0143836045225,W
1,0.0144436360437,0.0538282576049,W
1,0.0144436360437,0.051051947786,L
1,0.0144436360437,0.0523365499154,L
1,0.0144436360437,0.034164224529,L
0,0.0144436360437,0.0423150926019,L
1,0.0144436360437,0.0487481451531,L
1,0.0144436360437,0.032103198385,L
1,0.0144436360437,0.0350973513818,W
0,0.0144436360437,0.051051947786,L
1,0.0144436360437,0.0178720611894,L
0,0.0144436360437,0.0104770158129,W
0,0.0144436360437,0.0420348076121,L
0,0.0144436360437,0.0261240693114,L
0,0.0144436360437,0.0367232164209,L
0,0.0144436360437,0.0178720611894,L
1,0.0144436360437,0.0409191407122,L
0,0.0144436360437,0.034164224529,L
1,0.0144436360437,0.034164224529,L
0,0.0144436360437,0.0438903386582,L
0,0.0144436360437,0.0467811218833,L
0,0.0144436360437,0.0538282576049,L
1,0.0144436360437,0.0143836045225,W
1,0.0144436360437,0.0438903386582,L
0,0.0144436360437,0.0135101463625,W
0,0.0144436360437,0.0350973513818,L
1,0.0144436360437,0.0461350319169,L
1,0.0144436360437,0.0423150926019,L
1,0.0144436360437,0.051051947786,L
0,0.0144436360437,0.0409191407122,L
0,0.0144436360437,0.0488463159561,L
0,0.0144436360437,0.0461350319169,L
1,0.014069288336,0.0585986848276,L
1,0.014069288336,0.0427824110362,L
0,0.014069288336,0.0378654464647,L
1,0.014069288336,0.0378654464647,L
0,0.014069288336,0.0585986848276,L
1,0.014069288336,0.0466523784628,L
1,0.014069288336,0.0371862225693,W
1,0.014069288336,0.0120381169734,L
1,0.014069288336,0.0223756843821,L
1,0.014069288336,0.0410540377404,L
0,0.014069288336,0.0145543743509,W
0,0.014069288336,0.0332206822624,L
0,0.014069288336,0.0243343091391,L
1,0.014069288336,0.0408103716031,L
1,0.014069288336,0.0427824110362,L
1,0.014069288336,0.035493082867,W
0,0.014069288336,0.0371862225693,L
0,0.014069288336,0.0466523784628,L
0,0.014069288336,0.0184473045693,L
0,0.014069288336,0.0139009634506,W
1,0.014069288336,0.0555314726987,L
0,0.014069288336,0.0452946540841,W
1,0.014069288336,0.0466523784628,W
0,0.014069288336,0.0145543743509,W
0,0.014069288336,0.0341823592388,L
0,0.014069288336,0.0329457625296,W
0,0.014069288336,0.0265154644736,L
1,0.014069288336,0.0235274510673,L
1,0.014069288336,0.0371862225693,L
0,0.014069288336,0.0120381169734,L
1,0.014069288336,0.0332206822624,L
0,0.014069288336,0.0346572069888,L
1,0.014069288336,0.0355382498484,L
0,0.014069288336,0.0371862225693,L
0,0.014069288336,0.0410540377404,L
0,0.014069288336,0.0408103716031,L
1,0.014069288336,0.0346572069888,L
1,0.014069288336,0.038747384079,L
1,0.014069288336,0.0265154644736,W
1,0.014069288336,0.0139009634506,L
1,0.014069288336,0.0585986848276,L
1,0.014069288336,0.0145543743509,W
0,0.014069288336,0.0223756843821,L
1,0.014069288336,0.0452946540841,L
1,0.014069288336,0.0341823592388,L
0,0.014069288336,0.0547334360576,L
0,0.014069288336,0.0163219305783,L
0,0.014069288336,0.035493082867,L
0,0.014069288336,0.0555314726987,L
0,0.014069288336,0.0184473045693,W
0,0.014069288336,0.038747384079,W
0,0.014069288336,0.0290677162923,L
1,0.014069288336,0.0259857409174,W
0,0.014069288336,0.0346572069888,L
1,0.014069288336,0.0346572069888,L
0,0.014069288336,0.0452946540841,L
1,0.014069288336,0.0223756843821,W
1,0.014069288336,0.0535678121117,W
0,0.014069288336,0.0120381169734,L
1,0.014069288336,0.0290677162923,L
1,0.014069288336,0.0410540377404,L
1,0.014069288336,0.0184473045693,L
1,0.014069288336,0.0329457625296,L
1,0.014069288336,0.0547334360576,L
0,0.014069288336,0.0427824110362,L
1,0.014069288336,0.0243343091391,W
0,0.014069288336,0.0223756843821,L
1,0.014069288336,0.0163219305783,W
0,0.014069288336,0.0355382498484,L
0,0.014069288336,0.0235274510673,L
0,0.014069288336,0.0535678121117,L
0,0.014069288336,0.0259857409174,W
0,0.014069288336,0.0410540377404,L
0,0.014069288336,0.0466523784628,L
1,0.014069288336,0.0408103716031,L
0,0.014069288336,0.0427824110362,L
0,0.014069288336,0.0585986848276,L
1,0.014069288336,0.0139009634506,L
1,0.014069288336,0.0120381169734,W
1,0.014069288336,0.0452946540841,L
0,0.014069288336,0.0378654464647,L
1,0.014069288336,0.0145543743509,L
0,0.0224160529343,0.0474324897457,L
1,0.0224160529343,0.0428697025182,L
0,0.0224160529343,0.0468082234788,L
1,0.0224160529343,0.0479685744943,L
1,0.0224160529343,0.0114478511434,W
0,0.0224160529343,0.0183206074499,W
1,0.0224160529343,0.0338436382642,W
1,0.0224160529343,0.030906909427,L
1,0.0224160529343,0.0413438689745,L
1,0.0224160529343,0.0277998698539,L
0,0.0224160529343,0.0413438689745,W
0,0.0224160529343,0.030906909427,L
0,0.0224160529343,0.0338436382642,L
1,0.0224160529343,0.0508925730503,W
1,0.0224160529343,0.0114478511434,W
0,0.0224160529343,0.0221628329981,L
0,0.0224160529343,0.0201208576954,W
1,0.0224160529343,0.0338436382642,W
1,0.0224160529343,0.0362178560671,L
1,0.0224160529343,0.0221628329981,W
1,0.0224160529343,0.0493050631129,L
1,0.0224160529343,0.041353103096,L
1,0.0224160529343,0.0215009490246,W
0,0.0224160529343,0.0114478511434,W
0,0.0224160529343,0.0219240866702,L
0,0.0224160529343,0.019609039926,W
0,0.0224160529343,0.041353103096,L
0,0.0224160529343,0.0362178560671,L
0,0.0224160529343,0.0428697025182,L
1,0.0224160529343,0.0410382431617,W
0,0.0224160529343,0.0415872948366,L
1,0.0224160529343,0.019609039926,W
1,0.0224160529343,0.0415872948366,W
1,0.0224160529343,0.0474324897457,W
1,0.0224160529343,0.0347538554523,W
0,0.0224160529343,0.0338436382642,L
0,0.0224160529343,0.030906909427,L
0,0.0224160529343,0.0474324897457,L
1,0.0224160529343,0.0506027049139,L
1,0.0224160529343,0.00886033565373,W
1,0.0224160529343,0.0336149730858,W
0,0.0224160529343,0.0508925730503,L
0,0.0224160529343,0.0215009490246,W
0,0.0224160529343,0.0410382431617,L
0,0.0224160529343,0.00886033565373,L
0,0.0224160529343,0.0114478511434,L
0,0.0224160529343,0.0506027049139,L
0,0.0224160529343,0.0336149730858,W
0,0.0224160529343,0.0445359624372,L
1,0.0224160529343,0.041353103096,L
1,0.0224160529343,0.0468082234788,L
0,0.0224160529343,0.0183206074499,L
0,0.0224160529343,0.0415872948366,L
1,0.0224160529343,0.0445359624372,L
1,0.0224160529343,0.0181478259994,W
1,0.0224160529343,0.0382752745291,W
1,0.0224160529343,0.0201208576954,W
0,0.0224160529343,0.0428697025182,L
0,0.0224160529343,0.0181478259994,L
1,0.0224160529343,0.0468082234788,W
1,0.0224160529343,0.0428697025182,L
1,0.0224160529343,0.0413438689745,L
0,0.0224160529343,0.0468082234788,L
0,0.0224160529343,0.0493050631129,L
0,0.0224160529343,0.0347538554523,L
0,0.0224160529343,0.0382752745291,L
0,0.0224160529343,0.041353103096,L
1,0.0224160529343,0.030906909427,L
1,0.0224160529343,0.0343393800056,W
1,0.0224160529343,0.0181478259994,L
0,0.0224160529343,0.0479685744943,L
0,0.0224160529343,0.0362178560671,W
1,0.0224160529343,0.0183206074499,L
0,0.0224160529343,0.0343393800056,L
0,0.0224160529343,0.0277998698539,L
0,0.0224160529343,0.0508925730503,L
1,0.0224160529343,0.0219240866702,L
1,0.0224160529343,0.0415872948366,L
0,0.0224160529343,0.0181478259994,L
1,0.0224160529343,0.0183206074499,W
1,0.0224160529343,0.0479685744943,L
1,0.0224160529343,0.0474324897457,W
1,0.0292408537868,0.0443609653175,L
0,0.0292408537868,0.0293529832873,L
1,0.0292408537868,0.0478274085167,L
1,0.0292408537868,0.0524674811397,L
1,0.0292408537868,0.0447904820199,W
0,0.0292408537868,0.0444178627273,L
0,0.0292408537868,0.0312883744208,L
0,0.0292408537868,0.0422308227052,L
0,0.0292408537868,0.0524674811397,L
1,0.0292408537868,0.0194732275287,L
1,0.0292408537868,0.0183439141712,L
0,0.0292408537868,0.00963119918677,L
0,0.0292408537868,0.0272629336308,L
1,0.0292408537868,0.0351721636551,L
1,0.0292408537868,0.0422308227052,W
1,0.0292408537868,0.0182214861641,W
0,0.0292408537868,0.0295542917273,L
1,0.0292408537868,0.0312883744208,L
1,0.0292408537868,0.0524674811397,W
0,0.0292408537868,0.0444178627273,L
0,0.0292408537868,0.0443609653175,L
1,0.0292408537868,0.0182214861641,W
1,0.0292408537868,0.050333054942,L
1,0.0292408537868,0.0437632367163,L
1,0.0292408537868,0.0400630682406,L
0,0.0292408537868,0.0325340317934,L
0,0.0292408537868,0.0194732275287,W
0,0.0292408537868,0.0511385591083,W
1,0.0292408537868,0.00963119918677,W
1,0.0292408537868,0.0341853703455,L
1,0.0292408537868,0.0295542917273,W
0,0.0292408537868,0.0182214861641,W
1,0.0292408537868,0.0312883744208,L
1,0.0292408537868,0.0310210748884,L
1,0.0292408537868,0.0444178627273,W
1,0.0292408537868,0.0293529832873,W
1,0.0292408537868,0.0416694653195,W
0,0.0292408537868,0.0293529832873,L
1,0.0292408537868,0.050333054942,W
1,0.0292408537868,0.0272629336308,W
1,0.0292408537868,0.00963119918677,W
0,0.0292408537868,0.0443609653175,L
1,0.0292408537868,0.0293529832873,W
0,0.0292408537868,0.0478274085167,L
0,0.0292408537868,0.0341853703455,L
1,0.0292408537868,0.0265800740642,W
1,0.0292408537868,0.0252060884311,W
1,0.0292408537868,0.0511385591083,L
0,0.0292408537868,0.0310210748884,L
0,0.0292408537868,0.0416694653195,L
0,0.0292408537868,0.0400630682406,L
0,0.0292408537868,0.0351721636551,W
0,0.0292408537868,0.0150290966347,L
0,0.0292408537868,0.0197080412776,L
0,0.0292408537868,0.0252060884311,L
0,0.0292408537868,0.00963119918677,W
0,0.0292408537868,0.0447904820199,L
0,0.0292408537868,0.0422308227052,L
0,0.0292408537868,0.050333054942,L
1,0.0292408537868,0.0492239339194,L
0,0.0292408537868,0.0182214861641,L
1,0.0292408537868,0.0341853703455,W
1,0.0292408537868,0.0444178627273,W
0,0.0292408537868,0.0265800740642,W
0,0.0292408537868,0.0492239339194,W
0,0.0292408537868,0.0183439141712,L
0,0.0292408537868,0.015908454334,W
0,0.0292408537868,0.0437632367163,L
1,0.0292408537868,0.0325340317934,L
1,0.0292408537868,0.0150290966347,W
1,0.0292408537868,0.0295542917273,L
1,0.0292408537868,0.015908454334,W
0,0.0292408537868,0.050333054942,L
1,0.0292408537868,0.0197080412776,W
1,0.0292408537868,0.0478274085167,L
0,0.0292408537868,0.0295542917273,L
1,0.0292408537868,0.0447904820199,W
0,0.0292408537868,0.0437632367163,W
0,0.0292408537868,0.0447904820199,L
0,0.0292408537868,0.0478274085167,L
0,0.0292408537868,0.0341853703455,L
1,0.0292408537868,0.0437632367163,W
0,0.0476777031577,0.026267353699,W
0,0.0476777031577,0.055433755604,L
1,0.0476777031577,0.0481096876217,L
1,0.0476777031577,0.0314522174128,W
1,0.0476777031577,0.0402207920715,W
1,0.0476777031577,0.0257462658723,W
0,0.0476777031577,0.0314522174128,L
1,0.0476777031577,0.0476731205513,W
1,0.0476777031577,0.0473004009661,W
1,0.0476777031577,0.0169690823879,W
0,0.0476777031577,0.0391297120642,L
1,0.0476777031577,0.0422883195379,W
1,0.0476777031577,0.0293762586997,L
1,0.0476777031577,0.0192947304691,W
0,0.0476777031577,0.0473004009661,L
1,0.0476777031577,0.0422701801129,W
0,0.0476777031577,0.0429860551886,W
1,0.0476777031577,0.0537348858853,W
0,0.0476777031577,0.0391297120642,W
1,0.0476777031577,0.0429860551886,L
0,0.0476777031577,0.0195638481002,W
0,0.0476777031577,0.0320428406247,W
0,0.0476777031577,0.0190461711081,L
0,0.0476777031577,0.0289147618305,W
0,0.0476777031577,0.00491513628807,W
0,0.0476777031577,0.0422883195379,L
1,0.0476777031577,0.0195638481002,W
0,0.0476777031577,0.0314522174128,W
1,0.0476777031577,0.055433755604,L
0,0.0476777031577,0.026267353699,L
1,0.0476777031577,0.0429860551886,W
1,0.0476777031577,0.0293762586997,L
0,0.0476777031577,0.0254720047776,W
0,0.0476777031577,0.0341100870397,L
0,0.0476777031577,0.0402207920715,W
0,0.0476777031577,0.0293762586997,L
0,0.0476777031577,0.0169690823879,L
0,0.0476777031577,0.055433755604,W
1,0.0476777031577,0.026267353699,L
1,0.0476777031577,0.0382224088569,L
1,0.0476777031577,0.0339685461346,W
1,0.0476777031577,0.0341100870397,L
1,0.0476777031577,0.0402207920715,W
1,0.0476777031577,0.0177144337829,W
0,0.0476777031577,0.0370380413398,L
0,0.0476777031577,0.0537348858853,L
0,0.0476777031577,0.0213247180594,L
1,0.0476777031577,0.0422701801129,W
1,0.0476777031577,0.0213247180594,W
1,0.0476777031577,0.0341100870397,W
1,0.0476777031577,0.0314522174128,W
1,0.0476777031577,0.0391297120642,W
0,0.0476777031577,0.0422883195379,W
1,0.0476777031577,0.0473004009661,L
0,0.0476777031577,0.0254720047776,W
1,0.0476777031577,0.0254720047776,W
0,0.0476777031577,0.0422701801129,L
0,0.0476777031577,0.0537348858853,W
0,0.0476777031577,0.0293762586997,W
1,0.0476777031577,0.026267353699,W
1,0.0476777031577,0.0537348858853,W
0,0.0476777031577,0.0429860551886,W
0,0.0476777031577,0.0341100870397,L
1,0.0476777031577,0.0213247180594,W
0,0.0476777031577,0.0339685461346,L
0,0.0476777031577,0.0317364807556,L
1,0.0491806748301,0.0488273059074,W
0,0.0491806748301,0.0354554295753,W
1,0.0491806748301,0.0412476183762,L
1,0.0491806748301,0.0171455141821,L
1,0.0491806748301,0.0495302684919,W
0,0.0491806748301,0.0322597080734,W
1,0.0491806748301,0.032051226172,W
1,0.0491806748301,0.0530617354423,W
1,0.0491806748301,0.037062071231,W
0,0.0491806748301,0.0495302684919,W
0,0.0491806748301,0.0496429843482,L
0,0.0491806748301,0.033563024757,L
0,0.0491806748301,0.032051226172,L
1,0.0491806748301,0.0222089705728,L
1,0.0491806748301,0.0268365704606,W
1,0.0491806748301,0.0196761326835,W
0,0.0491806748301,0.0339910757738,W
1,0.0491806748301,0.0289530259177,W
1,0.0491806748301,0.0220469335094,W
1,0.0491806748301,0.0249227322538,W
0,0.0491806748301,0.037062071231,W
0,0.0491806748301,0.0133507981245,W
0,0.0491806748301,0.0292746297719,W
0,0.0491806748301,0.0189921152329,W
1,0.0491806748301,0.0222089705728,W
1,0.0491806748301,0.0196761326835,W
0,0.0491806748301,0.0220469335094,W
1,0.0491806748301,0.0539485162389,W
1,0.0491806748301,0.0342711406094,W
0,0.0491806748301,0.0339910757738,W
1,0.0491806748301,0.0339910757738,W
0,0.0491806748301,0.0539485162389,L
0,0.0491806748301,0.0412476183762,L
1,0.0491806748301,0.0354554295753,W
1,0.0491806748301,0.0412476183762,W
1,0.0491806748301,0.0289530259177,W
1,0.0491806748301,0.0149716289625,L
0,0.0491806748301,0.0488273059074,W
0,0.0491806748301,0.036413781392,W
0,0.0491806748301,0.0268365704606,W
1,0.0491806748301,0.029434442791,W
0,0.0491806748301,0.0412476183762,L
1,0.0491806748301,0.0496429843482,L
0,0.0491806748301,0.0220469335094,L
0,0.0491806748301,0.0322597080734,L
1,0.0491806748301,0.0322597080734,W
0,0.0491806748301,0.0268365704606,W
0,0.0491806748301,0.0249227322538,L
0,0.0491806748301,0.0342711406094,L
0,0.0491806748301,0.029434442791,L
0,0.0491806748301,0.0149716289625,W
0,0.0491806748301,0.0530617354423,L
0,0.0491806748301,0.0475762886669,W
0,0.0491806748301,0.0249497240652,W
1,0.0491806748301,0.036413781392,W
0,0.0491806748301,0.0354554295753,W
1,0.0491806748301,0.0495302684919,L
1,0.0491806748301,0.0339910757738,W
1,0.0491806748301,0.0133507981245,W
0,0.0491806748301,0.0391539315863,W
0,0.0491806748301,0.0171455141821,W
1,0.0491806748301,0.0496429843482,L
1,0.0491806748301,0.0292746297719,W
0,0.0491806748301,0.0539485162389,L
1,0.0491806748301,0.0189921152329,W
1,0.0491806748301,0.0488273059074,L
1,0.0491806748301,0.0475762886669,W
0,0.0491806748301,0.0196761326835,L
1,0.0491806748301,0.0249497240652,W
1,0.0491806748301,0.033563024757,W
0,0.0491806748301,0.0289530259177,L
0,0.0491806748301,0.0222089705728,W
0,0.0491806748301,0.0495302684919,L
0,0.0491806748301,0.036413781392,L
1,0.0491806748301,0.0391539315863,L
1,0.0491806748301,0.0220469335094,W
1,0.0491806748301,0.0354554295753,W
1,0.0491806748301,0.0268365704606,W
0,0.0491806748301,0.0222089705728,W
0,0.0491806748301,0.0488273059074,W
1,0.0491806748301,0.0322597080734,W
0,0.0491806748301,0.0196761326835,W
0,0.0504421289914,0.0241398574667,L
1,0.0504421289914,0.0417100838495,W
0,0.0504421289914,0.0225733959158,W
1,0.0504421289914,0.0514316142955,W
0,0.0504421289914,0.0181708434384,L
0,0.0504421289914,0.0476395648921,L
0,0.0504421289914,0.0514316142955,W
1,0.0504421289914,0.0340013604606,W
1,0.0504421289914,0.0572308139721,W
1,0.0504421289914,0.0386233058343,W
1,0.0504421289914,0.0426282754437,L
0,0.0504421289914,0.0340013604606,W
0,0.0504421289914,0.0572308139721,L
1,0.0504421289914,0.0225733959158,W
1,0.0504421289914,0.0367447442037,W
1,0.0504421289914,0.0269943801067,W
0,0.0504421289914,0.0225733959158,W
1,0.0504421289914,0.0433941487175,L
0,0.0504421289914,0.0271285182049,L
0,0.0504421289914,0.0426282754437,W
0,0.0504421289914,0.0240002812942,L
0,0.0504421289914,0.0149826822383,W
0,0.0504421289914,0.0157925633858,W
0,0.0504421289914,0.0386233058343,L
0,0.0504421289914,0.030964459272,W
1,0.0504421289914,0.0521805816492,W
1,0.0504421289914,0.0269600703451,W
1,0.0504421289914,0.0321635002259,W
1,0.0504421289914,0.0340013604606,W
0,0.0504421289914,0.0417100838495,L
0,0.0504421289914,0.0477366238321,L
1,0.0504421289914,0.0188489097992,W
1,0.0504421289914,0.0421053440018,L
1,0.0504421289914,0.0301581317321,W
0,0.0504421289914,0.0410433075927,W
0,0.0504421289914,0.0521805816492,L
1,0.0504421289914,0.0181708434384,W
1,0.0504421289914,0.0157925633858,W
1,0.0504421289914,0.0241398574667,W
1,0.0504421289914,0.0410433075927,W
0,0.0504421289914,0.0269943801067,W
0,0.0504421289914,0.0433941487175,L
0,0.0504421289914,0.0200185581944,W
0,0.0504421289914,0.0301581317321,L
0,0.0504421289914,0.0367447442037,W
0,0.0504421289914,0.0334385383468,W
0,0.0504421289914,0.00675341229762,W
1,0.0504421289914,0.030964459272,W
0,0.0504421289914,0.0417100838495,L
1,0.0504421289914,0.0188489097992,W
0,0.0504421289914,0.0321635002259,L
1,0.0504421289914,0.0476395648921,L
1,0.0504421289914,0.0334385383468,W
1,0.0504421289914,0.0149826822383,W
1,0.0504421289914,0.0477366238321,W
1,0.0504421289914,0.0521805816492,L
0,0.0504421289914,0.0426282754437,L
0,0.0504421289914,0.0572308139721,W
0,0.0504421289914,0.0269600703451,W
1,0.0504421289914,0.0514316142955,W
1,0.0504421289914,0.0269600703451,W
0,0.0504421289914,0.0421053440018,W
0,0.0504421289914,0.0241398574667,W
1,0.0504421289914,0.0271285182049,W
1,0.0504421289914,0.0421053440018,W
1,0.0504421289914,0.0417100838495,W
0,0.0504421289914,0.0188489097992,W
1,0.0504421289914,0.0240002812942,W
0,0.0504421289914,0.0321635002259,L
1,0.0504421289914,0.0200185581944,W
1,0.0504421289914,0.00675341229762,W
0,0.0504421289914,0.0269600703451,L
0,0.0504421289914,0.0410433075927,W
0,0.0504421289914,0.0514316142955,W
0,0.0504421289914,0.0340013604606,W
0,0.0504421289914,0.0421053440018,W
1,0.0504421289914,0.0410433075927,L
1,0.0504421289914,0.0241398574667,W
1,0.0504421289914,0.0572308139721,L
1,0.0504421289914,0.0225733959158,W
1,0.0504421289914,0.0321635002259,W
0,0.0504421289914,0.0477366238321,L
